id;birth_date;gender;register_date;phone_number;mobile_number;full_name;is_verified;user_id;first_name;last_name;enc_id
1;2025-02-13T21:40:12;OTHER;2025-02-14T16:48:45;anti;thorny;hyena confound;true;20572;Kathleen;Schroeder;304df20c-8402-4c23-9db8-4ea7d371444a
2;2025-02-14T15:52:24;MALE;2025-02-14T02:03:42;phew psst sun;incidentally after;ha;true;6293;Cletus;Pagac;d031159a-0929-4d34-9379-372ad43ad6a2
3;2025-02-14T16:48:32;OTHER;2025-02-14T17:42:38;mmm highlight notwithstanding;masculinize;under yippee dense;false;16561;Burley;Berge;2c64c092-59e7-4ebc-81aa-2cef7eff1e78
4;2025-02-14T12:19:34;MALE;2025-02-14T18:45:45;yowza;the meh;hope however;true;24249;Kole;Pacocha;085df9a1-0b1b-4d87-89af-20f7f7bdff01
5;2025-02-14T13:24:59;FEMALE;2025-02-14T19:24:30;bobble cruelly along;hm;aw burly;true;13469;Edyth;Effertz;f9fddcc1-a961-4132-a986-906ea859f62c
6;2025-02-14T19:21:50;FEMALE;2025-02-14T12:13:11;yahoo;gadzooks;gee finally heavily;false;17019;Catalina;Oberbrunner;041416d7-d74d-469a-b49c-a742ae6633d7
7;2025-02-14T05:28:58;FEMALE;2025-02-14T14:38:24;toward behind;gosh;until yahoo;true;14116;Euna;Bartell;17488154-2f9b-4cd7-91fb-4ce070213f9d
8;2025-02-13T22:58:04;OTHER;2025-02-14T20:55:53;swing retool;even except what;terraform;false;23086;Fermin;Abernathy;ee660c38-559b-4d83-8473-8df042271446
9;2025-02-14T06:13:18;FEMALE;2025-02-13T23:18:17;midst;once sinful;amidst yin the;false;20271;Jayde;O'Hara;1456ccf1-9461-43a6-979b-c38e2d3bd813
10;2025-02-14T04:14:38;MALE;2025-02-14T13:23:18;in-joke cosset;so;till intensely cavernous;true;4288;Ethyl;Jacobs;0546d3aa-735e-4ecb-951e-5c7143d18e86
